date,temp_max,temp_min,humidity,precipitation,pressure,wind_speed
2024-09-27,26.45,20.21,66.68,0.0,1004.45,4.73
2024-09-28,27.59,19.27,70.01,37.18,1015.71,5.36
2024-09-29,25.97,18.96,68.81,23.94,1010.97,3.43
2024-09-30,26.78,18.71,73.71,0.0,1013.38,6.98
2024-10-01,27.26,19.9,66.03,0.0,1012.26,1.86
2024-10-02,25.61,18.97,62.12,0.41,1014.83,3.92
2024-10-03,25.96,18.65,72.31,16.73,1007.38,1.33
2024-10-04,26.78,19.04,71.66,0.55,1016.66,6.34
2024-10-05,28.87,18.34,77.5,57.44,1008.15,4.89
2024-10-06,28.04,20.22,66.07,15.86,1015.28,2.87
2024-10-07,25.3,18.04,68.6,6.07,1010.61,4.19
2024-10-08,26.36,17.58,58.96,0.0,1020.88,3.68
2024-10-09,24.63,17.21,69.62,0.19,1013.73,4.04
2024-10-10,28.71,17.32,60.26,6.57,1008.66,4.09
2024-10-11,25.31,17.79,61.55,5.04,1009.72,5.95
2024-10-12,26.78,19.16,65.64,8.43,1007.41,2.21
2024-10-13,24.51,16.07,60.58,4.04,1010.68,3.07
2024-10-14,25.82,19.73,55.95,5.59,1014.08,3.33
2024-10-15,23.62,17.6,65.51,10.6,1011.27,6.71
2024-10-16,26.58,17.21,62.82,21.06,1010.29,6.59
2024-10-17,26.96,17.82,68.36,30.34,1014.75,2.95
2024-10-18,23.41,16.01,62.79,2.38,1012.46,0.87
2024-10-19,22.88,15.58,60.45,7.42,1005.81,4.0
2024-10-20,25.71,13.96,46.88,2.71,1014.35,3.5
2024-10-21,22.24,17.39,59.22,4.15,1007.93,6.67
2024-10-22,24.74,17.93,52.41,16.78,1013.8,2.81
2024-10-23,24.63,18.12,54.91,7.02,1010.12,1.2
2024-10-24,24.18,15.51,65.54,7.65,1009.9,3.82
2024-10-25,22.52,13.9,56.76,24.13,1013.04,5.21
2024-10-26,25.74,15.48,51.6,31.41,1015.23,4.92
2024-10-27,25.8,17.15,54.36,0.95,1011.38,3.64
2024-10-28,23.73,15.29,57.08,0.0,1014.85,3.73
2024-10-29,26.9,14.98,65.46,25.68,1009.62,0.6
2024-10-30,23.83,14.92,53.67,20.37,1008.65,4.58
2024-10-31,22.57,17.07,48.86,0.47,1009.63,0.0
2024-11-01,25.73,14.69,54.96,3.98,1002.73,2.0
2024-11-02,22.85,16.65,65.07,8.63,1010.22,3.53
2024-11-03,23.8,14.89,49.52,0.0,1007.79,1.7
2024-11-04,23.64,14.95,54.38,17.74,1007.54,3.05
2024-11-05,22.51,14.67,52.57,2.03,1012.91,4.46
2024-11-06,24.01,12.92,54.85,0.0,1013.64,5.01
2024-11-07,22.67,14.38,44.85,0.82,1009.95,3.62
2024-11-08,22.9,13.32,59.4,1.74,1012.91,4.49
2024-11-09,20.56,14.37,44.28,0.0,1010.25,2.48
2024-11-10,24.38,15.15,46.12,5.1,1012.7,5.78
2024-11-11,21.81,15.07,41.84,0.75,1010.22,4.42
2024-11-12,25.33,15.03,48.19,0.0,1015.89,1.89
2024-11-13,21.18,16.04,50.64,0.0,1014.39,4.38
2024-11-14,21.26,12.1,44.21,1.74,1014.95,4.19
2024-11-15,23.8,15.15,45.73,0.0,1011.11,3.44
2024-11-16,22.05,12.67,45.77,0.37,1006.09,1.93
2024-11-17,23.01,13.91,50.26,0.96,1014.62,5.8
2024-11-18,22.92,13.73,44.83,0.0,1013.69,4.61
2024-11-19,22.92,14.68,42.84,0.0,1015.74,3.14
2024-11-20,23.98,12.29,45.6,0.0,1009.61,4.06
2024-11-21,23.62,12.95,43.35,0.0,1020.4,2.79
2024-11-22,25.09,12.36,44.51,0.0,1017.49,4.46
2024-11-23,21.16,14.01,43.7,0.13,1011.32,3.06
2024-11-24,23.69,13.84,39.35,2.39,1009.8,4.05
2024-11-25,24.47,14.54,40.72,1.64,1006.36,3.02
2024-11-26,23.34,13.33,43.4,0.0,1005.87,1.28
2024-11-27,23.86,12.64,38.62,6.42,1011.97,3.45
2024-11-28,22.49,13.33,54.83,0.0,1021.43,1.69
2024-11-29,21.7,12.98,42.62,2.6,1013.26,4.81
2024-11-30,20.79,13.4,41.14,0.0,1008.55,2.52
2024-12-01,22.63,15.02,46.68,0.0,1009.58,1.63
2024-12-02,22.8,14.35,43.55,0.0,1014.15,1.98
2024-12-03,22.74,12.31,46.05,0.0,1009.63,5.82
2024-12-04,20.32,13.95,42.74,0.0,1003.33,2.93
2024-12-05,20.59,15.77,48.67,0.48,1006.03,0.25
2024-12-06,17.63,10.45,36.48,1.35,1009.26,3.56
2024-12-07,20.51,14.57,43.78,0.02,1015.98,4.59
2024-12-08,22.68,13.3,52.5,0.0,1012.23,3.88
2024-12-09,22.59,12.74,43.31,4.4,1015.59,3.42
2024-12-10,19.15,11.61,43.33,0.86,1011.57,3.99
2024-12-11,20.32,14.4,47.54,0.0,1017.91,4.55
2024-12-12,20.4,11.34,41.33,0.35,1004.9,4.24
2024-12-13,21.47,12.55,48.87,2.26,1017.31,1.55
2024-12-14,22.11,14.58,53.44,0.0,1014.31,4.1
2024-12-15,21.05,13.33,44.09,0.0,1014.6,4.76
2024-12-16,26.55,14.39,41.02,0.0,1013.99,4.13
2024-12-17,20.7,12.26,46.86,0.0,1017.21,4.45
2024-12-18,20.93,11.88,41.04,0.0,1016.15,4.28
2024-12-19,19.26,10.92,36.98,0.0,1010.75,2.78
2024-12-20,19.04,10.76,41.82,0.0,1012.26,5.44
2024-12-21,19.49,14.32,45.15,0.24,1015.47,2.87
2024-12-22,19.81,12.19,36.2,0.0,1024.44,3.3
2024-12-23,20.72,13.92,51.33,0.0,1013.93,1.28
2024-12-24,21.29,15.99,42.79,0.0,1014.47,2.68
2024-12-25,20.83,10.7,46.0,2.02,1016.13,1.16
2024-12-26,22.46,13.98,46.16,0.0,1010.25,2.36
2024-12-27,23.84,14.0,49.18,0.68,1014.8,4.64
2024-12-28,19.62,12.49,44.12,0.0,1017.55,6.81
2024-12-29,22.3,13.19,46.99,0.09,1010.22,2.2
2024-12-30,20.68,13.81,42.92,3.98,1012.77,2.3
2024-12-31,23.11,13.85,44.97,0.26,1016.2,3.95
2025-01-01,20.1,11.86,48.37,0.0,1009.31,4.63
2025-01-02,21.15,13.12,38.46,0.0,1021.04,3.04
2025-01-03,19.5,12.93,46.29,0.0,1015.17,2.45
2025-01-04,22.58,13.63,45.6,0.0,1015.39,1.85
2025-01-05,21.47,11.53,43.74,8.3,1015.61,1.95
2025-01-06,23.58,13.8,40.69,0.0,1016.85,2.82
2025-01-07,19.64,14.46,51.26,0.47,1018.58,1.75
2025-01-08,17.27,14.12,45.66,0.0,1009.48,2.16
2025-01-09,20.87,11.11,42.99,0.9,1015.01,2.43
2025-01-10,22.73,13.02,41.84,0.0,1012.2,3.14
2025-01-11,23.07,15.26,50.56,0.25,1010.85,2.77
2025-01-12,21.27,13.53,45.93,0.0,1014.05,2.52
2025-01-13,24.47,10.84,61.87,0.0,1007.79,4.64
2025-01-14,22.38,13.64,49.6,1.53,1013.44,0.41
2025-01-15,21.27,13.82,41.72,0.0,1014.23,1.75
2025-01-16,22.9,13.44,46.19,0.0,1007.91,2.34
2025-01-17,21.04,13.92,51.41,0.0,1006.63,2.81
2025-01-18,21.69,12.65,46.02,0.0,1019.11,5.05
2025-01-19,22.48,14.43,50.29,0.0,1014.23,3.21
2025-01-20,23.97,12.65,46.42,0.87,1010.81,4.27
2025-01-21,23.57,12.81,51.47,0.0,1013.54,3.47
2025-01-22,24.37,14.93,42.3,0.0,1011.52,1.45
2025-01-23,23.92,12.16,47.38,4.17,1020.06,0.0
2025-01-24,22.9,13.62,36.57,0.0,1015.25,2.09
2025-01-25,22.06,12.46,45.55,0.0,1017.61,0.99
2025-01-26,19.95,10.89,46.55,0.0,1023.72,4.85
2025-01-27,20.77,14.74,44.42,1.15,1009.3,2.74
2025-01-28,21.41,13.9,43.14,1.1,1012.21,3.27
2025-01-29,21.97,14.02,42.93,0.0,1015.48,2.02
2025-01-30,23.94,14.0,46.42,0.0,1010.39,4.81
2025-01-31,22.85,16.1,40.68,0.0,1015.93,3.22
2025-02-01,26.28,15.17,40.68,0.0,1008.16,2.43
2025-02-02,22.73,14.41,50.61,0.0,1014.13,5.94
2025-02-03,21.44,16.12,52.75,5.52,1013.12,4.77
2025-02-04,22.27,15.97,44.64,0.1,1013.47,1.16
2025-02-05,23.72,14.48,42.28,0.0,1004.98,1.65
2025-02-06,23.68,16.95,38.54,0.0,1012.8,3.39
2025-02-07,21.9,15.54,43.8,0.0,1011.17,5.14
2025-02-08,23.98,15.82,43.35,0.0,1012.92,4.43
2025-02-09,21.6,16.72,46.58,5.57,1012.3,2.75
2025-02-10,25.32,17.61,55.32,0.78,1013.6,3.51
2025-02-11,24.66,17.25,45.69,0.0,1008.69,3.43
2025-02-12,25.59,16.83,38.2,0.26,1015.45,0.54
2025-02-13,23.5,13.86,45.7,0.0,1010.9,3.25
2025-02-14,23.57,17.4,48.42,0.45,1015.78,3.64
2025-02-15,23.73,17.5,38.99,4.0,1012.69,2.6
2025-02-16,22.19,17.83,51.23,2.24,1009.68,4.42
2025-02-17,23.6,19.14,41.36,0.0,1013.69,2.87
2025-02-18,24.87,16.41,52.37,0.57,1008.63,2.83
2025-02-19,24.06,18.23,46.21,0.0,1017.08,3.7
2025-02-20,23.04,19.46,45.74,0.0,1018.07,4.85
2025-02-21,28.18,17.59,41.58,0.35,1010.31,1.53
2025-02-22,24.47,17.57,43.89,0.0,1011.48,4.78
2025-02-23,24.67,18.58,50.55,0.0,1016.98,3.79
2025-02-24,27.48,17.41,51.82,0.34,1013.05,2.48
2025-02-25,25.17,18.12,45.5,0.97,1007.53,0.93
2025-02-26,25.63,17.7,54.1,0.0,1019.21,3.7
2025-02-27,26.63,17.92,45.92,0.0,1018.43,4.61
2025-02-28,24.74,18.95,46.42,0.0,1009.9,4.14
2025-03-01,28.43,17.63,50.51,0.0,1009.77,4.29
2025-03-02,27.64,18.32,42.51,3.07,1009.45,1.92
2025-03-03,26.45,21.43,47.79,0.0,1015.49,3.09
2025-03-04,30.45,17.92,47.77,3.49,1013.49,1.68
2025-03-05,25.99,18.85,51.59,0.0,1018.4,1.96
2025-03-06,25.57,19.42,43.43,0.0,1010.52,3.3
2025-03-07,27.16,17.71,55.16,2.38,1018.19,2.18
2025-03-08,26.49,18.42,43.98,0.0,1012.27,3.67
2025-03-09,28.38,19.32,39.79,0.0,1016.23,2.33
2025-03-10,27.16,19.6,45.34,0.0,1013.31,5.4
2025-03-11,25.5,18.62,43.95,0.0,1012.66,4.02
2025-03-12,26.66,19.56,48.59,2.21,1012.55,3.41
2025-03-13,29.01,17.76,46.25,0.71,1019.54,2.44
2025-03-14,29.87,20.89,40.05,1.94,1018.08,4.21
2025-03-15,27.12,19.99,50.21,3.85,1009.35,0.46
2025-03-16,29.44,20.3,41.55,0.0,1012.01,3.1
2025-03-17,27.87,19.25,42.51,0.0,1004.69,4.58
2025-03-18,29.01,18.86,37.78,1.84,1007.61,3.06
2025-03-19,27.31,22.65,53.58,0.0,1011.56,1.31
2025-03-20,30.94,21.93,45.59,0.0,1016.7,2.6
2025-03-21,27.98,24.25,46.87,1.64,1015.39,1.75
2025-03-22,27.07,22.85,40.02,0.0,1008.48,5.32
2025-03-23,31.55,23.01,45.87,0.0,1020.33,4.28
2025-03-24,30.7,22.84,44.79,0.0,1015.55,3.6
2025-03-25,29.62,20.54,45.75,0.0,1010.85,3.21
2025-03-26,29.12,21.98,41.3,1.68,1011.1,3.9
2025-03-27,29.58,22.41,48.39,0.21,1014.95,0.83
2025-03-28,28.75,22.31,41.09,0.0,1015.07,2.23
2025-03-29,31.0,21.5,38.09,0.92,1018.33,6.0
2025-03-30,28.39,22.59,55.31,0.0,1014.98,4.67
2025-03-31,29.42,22.57,45.51,0.0,1015.46,4.87
2025-04-01,28.99,19.58,38.22,7.34,1016.87,2.81
2025-04-02,31.5,24.41,48.5,0.51,1020.9,3.38
2025-04-03,30.45,21.01,47.31,0.0,1004.86,1.77
2025-04-04,31.88,21.69,49.27,0.0,1010.98,5.0
2025-04-05,30.83,24.92,42.22,0.0,1011.19,3.61
2025-04-06,29.94,24.61,45.16,0.0,1008.26,4.82
2025-04-07,31.59,24.8,40.04,0.01,1011.42,4.14
2025-04-08,31.81,26.47,37.68,0.0,1012.96,2.0
2025-04-09,31.38,24.32,47.34,0.0,1010.46,3.82
2025-04-10,34.48,23.59,48.11,2.48,1005.45,3.14
2025-04-11,30.86,22.31,42.31,0.0,1014.45,5.35
2025-04-12,29.57,21.27,45.93,0.0,1012.41,2.22
2025-04-13,33.93,23.96,41.95,0.56,1010.34,2.93
2025-04-14,33.05,23.14,46.9,0.0,1010.75,3.78
2025-04-15,34.48,22.12,50.58,1.61,1020.73,4.25
2025-04-16,32.97,26.81,37.61,2.7,1016.47,3.12
2025-04-17,31.3,22.34,42.22,0.0,1011.88,1.02
2025-04-18,31.83,25.46,46.1,0.0,1011.35,5.17
2025-04-19,29.93,25.02,52.67,0.0,1009.26,3.18
2025-04-20,33.14,26.44,48.57,0.0,1009.43,4.44
2025-04-21,31.16,24.84,46.99,0.0,1017.48,3.45
2025-04-22,33.56,27.5,38.63,0.0,1005.32,0.0
2025-04-23,33.93,25.34,51.98,0.0,1008.4,4.04
2025-04-24,33.98,24.94,52.36,0.0,1015.75,3.41
2025-04-25,34.73,26.29,44.03,1.02,1006.42,3.74
2025-04-26,34.18,22.99,43.5,0.2,1010.97,1.74
2025-04-27,34.72,25.88,43.96,0.0,1012.93,2.77
2025-04-28,33.63,25.95,40.15,3.13,1015.33,3.68
2025-04-29,32.45,25.92,43.47,2.44,1016.92,1.05
2025-04-30,35.48,24.93,37.92,0.0,1013.84,4.38
2025-05-01,34.03,26.36,39.36,0.0,1013.42,3.49
2025-05-02,33.85,27.54,43.58,0.0,1010.57,0.63
2025-05-03,32.88,25.4,36.64,0.36,1007.93,4.2
2025-05-04,34.72,25.03,50.0,0.0,1015.36,0.49
2025-05-05,35.4,27.96,44.38,0.48,1020.43,5.2
2025-05-06,33.26,24.13,45.8,7.97,1023.66,1.63
2025-05-07,36.77,27.79,36.56,0.0,1011.66,4.36
2025-05-08,35.0,24.41,53.03,1.16,1018.0,1.32
2025-05-09,34.52,27.19,44.37,0.0,1008.14,4.29
2025-05-10,31.81,25.86,31.47,0.0,1006.88,0.0
2025-05-11,33.55,27.6,38.49,1.33,1009.19,1.02
2025-05-12,35.72,26.26,43.43,0.0,1018.41,3.1
2025-05-13,36.44,28.0,41.27,0.0,1017.22,4.15
2025-05-14,37.28,27.93,54.94,0.0,1012.34,2.92
2025-05-15,35.09,29.54,47.33,4.29,1013.75,0.7
2025-05-16,37.29,25.98,49.33,0.0,1011.71,5.28
2025-05-17,35.44,29.64,45.79,0.0,1011.31,1.62
2025-05-18,37.74,27.73,41.34,0.0,1007.27,5.07
2025-05-19,39.43,27.94,45.7,0.19,1019.91,3.23
2025-05-20,36.29,31.24,51.6,0.0,1005.04,6.59
2025-05-21,39.9,28.57,45.35,0.64,1004.28,1.69
2025-05-22,37.41,29.74,35.92,0.0,1004.11,5.22
2025-05-23,36.51,28.0,52.38,0.0,1010.62,1.49
2025-05-24,37.98,26.18,42.08,0.0,1015.38,4.76
2025-05-25,36.32,27.59,47.63,0.0,1018.5,1.68
2025-05-26,36.39,28.71,40.09,1.25,1017.59,2.32
2025-05-27,35.59,26.11,43.27,0.0,1014.72,4.28
2025-05-28,36.29,27.78,48.17,0.0,1008.59,5.63
2025-05-29,37.82,27.23,45.04,0.0,1013.8,3.17
2025-05-30,35.06,29.36,49.67,1.26,1013.04,2.83
2025-05-31,36.08,27.73,37.94,0.0,1020.86,2.02
2025-06-01,36.76,29.49,45.76,0.0,1014.48,4.3
2025-06-02,36.64,27.02,38.14,2.03,1013.67,5.6
2025-06-03,36.91,31.78,45.71,0.0,1007.98,3.52
2025-06-04,35.39,30.23,45.94,0.47,1018.8,3.68
2025-06-05,34.78,27.98,45.5,1.63,1017.54,4.57
2025-06-06,35.74,29.63,52.33,2.97,1004.7,3.84
2025-06-07,38.67,28.48,33.71,0.01,1010.81,3.23
2025-06-08,38.05,30.43,47.63,0.0,1018.19,2.64
2025-06-09,36.52,27.73,54.18,0.0,1016.05,2.56
2025-06-10,38.89,28.12,46.23,1.01,1012.1,0.66
2025-06-11,37.43,28.89,46.43,7.16,1013.83,3.34
2025-06-12,37.96,29.99,40.9,0.0,1020.02,1.93
2025-06-13,38.13,29.11,42.39,0.0,1011.11,2.56
2025-06-14,36.44,29.87,52.01,0.0,1013.42,0.47
2025-06-15,36.18,28.08,53.39,0.06,1017.51,1.16
2025-06-16,37.85,28.34,42.53,0.38,1016.98,2.59
2025-06-17,36.03,29.57,50.8,0.37,1016.63,2.55
2025-06-18,35.88,29.41,48.52,10.69,1012.23,2.91
2025-06-19,36.8,29.69,46.13,1.78,1011.39,3.04
2025-06-20,35.6,29.41,48.66,0.0,1013.33,2.04
2025-06-21,37.54,28.87,48.27,3.68,1014.52,2.91
2025-06-22,37.83,30.03,49.43,4.95,1013.7,3.8
2025-06-23,35.26,31.52,46.59,3.3,1012.79,1.89
2025-06-24,38.25,28.31,49.33,9.38,1015.15,2.34
2025-06-25,36.29,29.85,56.34,0.68,1014.25,3.46
2025-06-26,37.77,25.52,52.56,0.0,1017.71,3.9
2025-06-27,37.78,28.74,51.85,2.55,1016.04,3.05
2025-06-28,39.79,29.75,51.74,0.58,1014.7,4.56
2025-06-29,39.23,29.3,54.76,17.92,1010.89,5.29
2025-06-30,37.01,27.25,58.3,27.6,1013.64,5.2
2025-07-01,38.52,28.99,57.12,13.92,1010.65,3.95
2025-07-02,39.23,29.04,45.8,0.0,1011.21,2.92
2025-07-03,35.37,28.73,51.74,18.38,1011.52,3.91
2025-07-04,35.51,26.26,53.74,5.39,1013.95,5.86
2025-07-05,36.24,30.38,57.03,5.15,1009.23,1.53
2025-07-06,36.41,26.85,59.23,0.0,1014.26,2.6
2025-07-07,37.15,28.48,50.23,3.2,1016.18,2.58
2025-07-08,35.58,30.46,56.73,18.99,1014.75,3.5
2025-07-09,37.97,27.97,51.53,7.13,1013.7,2.85
2025-07-10,34.3,29.56,64.72,4.29,1014.4,4.1
2025-07-11,36.85,29.19,55.39,5.31,1006.55,5.15
2025-07-12,39.47,27.85,55.68,12.94,1012.36,3.44
2025-07-13,36.62,27.65,58.35,12.24,1010.24,1.92
2025-07-14,36.28,30.18,64.32,7.79,1013.44,5.08
2025-07-15,36.19,28.5,61.6,20.18,1011.46,4.65
2025-07-16,33.31,29.15,55.74,7.87,1016.28,4.3
2025-07-17,37.3,30.13,68.31,0.36,1009.21,5.8
2025-07-18,35.2,27.03,67.63,0.0,1010.85,3.31
2025-07-19,36.37,29.26,70.21,2.04,1010.03,3.61
2025-07-20,38.9,27.51,67.52,16.05,1006.55,6.29
2025-07-21,35.18,26.71,69.53,1.82,1010.08,3.22
2025-07-22,36.96,28.97,70.98,5.01,1005.15,4.49
2025-07-23,35.11,27.59,67.93,14.34,1016.02,5.78
2025-07-24,35.93,28.32,64.94,0.0,1009.92,6.31
2025-07-25,35.13,27.43,70.95,1.27,1010.25,5.72
2025-07-26,33.94,27.67,68.49,26.09,1009.75,6.93
2025-07-27,35.04,26.41,63.57,94.21,1011.96,3.85
2025-07-28,35.47,24.92,59.71,5.94,1013.49,4.5
2025-07-29,35.31,25.74,75.86,3.01,1008.86,6.01
2025-07-30,34.52,28.17,67.42,2.29,1014.63,2.49
2025-07-31,35.34,24.67,71.02,56.99,1016.98,5.49
2025-08-01,31.37,28.9,82.27,39.76,1007.1,4.16
2025-08-02,32.91,26.3,72.41,131.66,1013.43,5.78
2025-08-03,34.86,28.75,69.0,9.24,1010.88,6.97
2025-08-04,33.85,28.11,76.43,26.99,1016.17,4.11
2025-08-05,33.3,26.73,73.58,35.2,1010.58,5.56
2025-08-06,33.19,27.48,70.48,17.69,1011.19,4.77
2025-08-07,34.14,29.4,76.51,33.42,1012.53,4.26
2025-08-08,32.74,25.94,71.15,21.26,1010.25,3.19
2025-08-09,34.8,26.54,78.54,6.5,1005.05,3.64
2025-08-10,35.19,27.5,75.8,59.63,1008.52,5.74
2025-08-11,32.42,26.11,80.17,46.3,1010.5,6.92
2025-08-12,34.44,25.75,72.45,12.39,1010.15,3.84
2025-08-13,32.79,26.58,72.18,18.78,1002.73,5.18
2025-08-14,34.05,26.23,83.78,29.8,1005.33,2.56
2025-08-15,33.4,25.0,75.17,1.21,1008.57,4.51
2025-08-16,33.26,25.52,82.14,14.23,1009.92,5.96
2025-08-17,33.05,24.66,84.58,1.37,1007.86,5.98
2025-08-18,35.05,24.39,78.25,3.45,1011.71,6.2
2025-08-19,35.54,24.74,82.91,23.99,1015.62,5.32
2025-08-20,33.19,25.92,79.5,1.77,1009.75,6.47
2025-08-21,34.64,25.15,76.38,0.0,1014.56,4.31
2025-08-22,33.41,28.47,78.21,0.05,1010.64,5.8
2025-08-23,34.06,23.82,85.26,53.57,1006.7,4.5
2025-08-24,33.04,25.74,75.2,8.33,1012.24,0.16
2025-08-25,32.45,23.74,80.73,37.08,1006.26,4.52
2025-08-26,32.89,22.76,68.06,21.5,1011.0,6.41
2025-08-27,34.46,23.09,76.39,0.0,1014.63,4.16
2025-08-28,31.22,24.69,77.15,0.0,1011.67,3.89
2025-08-29,36.3,24.71,82.65,32.43,1007.08,4.22
2025-08-30,30.37,24.28,80.92,4.95,1005.36,4.07
2025-08-31,31.6,21.47,81.8,24.59,1011.02,2.69
2025-09-01,31.54,24.42,80.91,3.11,1016.72,7.94
2025-09-02,29.66,23.68,81.27,39.45,1008.77,6.13
2025-09-03,30.94,24.95,77.48,71.91,1017.13,3.07
2025-09-04,30.9,24.78,85.5,16.7,1018.25,7.1
2025-09-05,30.25,22.29,83.15,4.98,1007.51,4.89
2025-09-06,30.81,23.66,87.23,16.67,1011.33,7.63
2025-09-07,31.24,23.93,82.4,12.19,1005.44,3.67
2025-09-08,33.24,23.17,76.08,0.61,1006.39,5.03
2025-09-09,29.81,22.96,80.39,22.0,1010.8,2.93
2025-09-10,30.62,22.93,74.44,24.77,1014.52,4.11
2025-09-11,30.02,22.94,94.12,4.23,1007.92,4.04
2025-09-12,31.18,20.03,75.2,0.0,1014.33,4.13
2025-09-13,32.83,20.62,83.26,40.79,1010.47,5.81
2025-09-14,31.12,22.78,79.95,22.71,1006.32,2.72
2025-09-15,28.65,22.89,76.58,29.32,1005.65,4.38
2025-09-16,30.18,22.48,78.87,19.07,1011.1,5.37
2025-09-17,27.17,21.13,79.62,30.03,1005.62,5.91
2025-09-18,28.86,20.91,80.77,0.0,1019.43,5.65
2025-09-19,30.31,22.07,73.51,3.31,1006.35,3.81
2025-09-20,29.04,22.78,70.56,1.39,1008.25,7.2
2025-09-21,31.65,19.53,67.14,38.26,1012.4,5.34
2025-09-22,28.27,20.58,67.44,50.37,1012.52,5.9
2025-09-23,27.17,20.85,72.81,6.26,1015.13,4.96
2025-09-24,25.3,21.07,76.82,10.39,1007.22,5.92
2025-09-25,29.42,21.8,68.91,9.64,1010.16,3.27
2025-09-26,27.81,20.63,70.93,23.72,1013.13,4.3
2025-09-27,27.5,19.61,74.33,1.74,1008.14,3.77
2025-09-28,26.99,19.42,67.76,4.24,1011.65,4.73
2025-09-29,29.99,19.89,70.8,41.26,1008.04,2.59
2025-09-30,25.8,18.27,75.03,43.59,1009.84,3.87
2025-10-01,24.07,20.27,67.06,33.94,1015.2,4.79
2025-10-02,29.8,20.16,75.04,51.2,1011.17,3.32
2025-10-03,25.62,18.7,66.03,0.0,1006.19,5.63
2025-10-04,26.3,20.15,74.42,0.0,1010.45,5.71
2025-10-05,29.11,17.73,69.43,7.41,1007.87,3.25
2025-10-06,27.79,17.6,67.49,13.46,1016.13,5.38
2025-10-07,24.93,19.42,65.55,14.53,1011.07,5.5
2025-10-08,26.13,16.69,64.97,31.07,1016.77,4.2
2025-10-09,23.08,18.95,65.38,6.81,1012.85,4.79
2025-10-10,27.17,17.77,69.48,0.0,1008.14,6.54
2025-10-11,27.24,18.92,74.31,8.35,1008.1,1.7
2025-10-12,28.14,17.72,68.43,10.08,1007.73,6.09
2025-10-13,25.88,18.72,66.57,28.36,1005.99,3.22
2025-10-14,22.53,18.18,60.4,0.0,999.83,2.96
2025-10-15,22.46,17.67,57.64,7.55,1018.92,4.14
2025-10-16,24.67,17.24,59.5,10.17,1005.89,3.39
2025-10-17,28.49,17.34,59.12,0.0,1013.91,2.57
2025-10-18,28.6,16.26,56.39,2.08,1008.68,5.16
2025-10-19,22.92,16.56,76.28,22.41,1011.45,2.96
2025-10-20,25.84,17.65,58.15,1.16,1014.84,1.69
2025-10-21,24.73,17.12,76.19,0.0,1014.2,2.8
2025-10-22,25.38,18.07,56.16,4.02,1012.6,3.8
2025-10-23,25.67,16.5,52.79,0.0,1009.85,5.61
2025-10-24,26.52,18.49,52.77,3.5,1011.47,6.15
2025-10-25,25.06,16.1,45.83,0.0,1014.16,1.96
2025-10-26,25.9,15.05,64.06,2.88,1011.68,5.29
2025-10-27,24.6,14.28,51.06,5.92,1022.2,2.38
2025-10-28,25.81,14.51,53.31,3.34,1012.72,2.97
2025-10-29,21.93,15.46,53.23,0.0,1016.01,0.62
2025-10-30,23.45,14.76,61.93,0.7,1014.0,4.75
2025-10-31,24.63,16.08,46.55,0.0,1016.19,3.56
2025-11-01,23.27,15.9,54.27,2.44,1017.71,4.3
2025-11-02,27.7,16.55,52.86,3.07,1007.98,2.55
2025-11-03,25.19,17.88,48.09,0.0,1011.93,5.64
2025-11-04,26.09,15.66,52.19,8.63,1003.71,3.19
2025-11-05,21.59,16.2,52.39,8.01,1002.26,0.29
2025-11-06,25.02,15.26,47.62,0.0,1017.41,3.01
2025-11-07,24.03,15.49,53.88,9.87,1011.11,2.0
2025-11-08,22.42,15.07,57.95,3.24,1010.36,5.83
2025-11-09,22.23,15.23,48.07,0.0,1014.25,4.17
2025-11-10,21.54,15.06,43.38,0.0,1004.68,3.77
2025-11-11,22.44,16.14,47.85,7.91,1018.59,5.04
2025-11-12,23.32,14.26,41.73,7.15,1009.16,0.86
2025-11-13,24.4,13.2,47.88,0.0,1014.87,2.65
2025-11-14,21.52,15.78,47.94,0.0,1010.59,2.86
2025-11-15,23.45,14.34,41.56,0.0,1024.16,3.99
2025-11-16,20.63,14.0,52.74,0.0,1013.95,4.43
2025-11-17,24.36,14.03,43.52,5.08,1007.98,6.24
2025-11-18,19.96,13.92,61.05,0.0,1009.99,3.9
2025-11-19,23.66,15.66,57.49,5.76,1010.12,1.8
2025-11-20,23.04,12.69,45.1,0.31,1014.65,2.96
2025-11-21,23.68,13.74,49.64,3.17,1017.72,3.1
2025-11-22,22.48,12.72,52.95,0.38,1009.54,4.0
2025-11-23,21.5,11.96,45.35,0.0,1011.43,2.23
2025-11-24,21.37,13.93,50.87,0.0,1010.96,4.65
2025-11-25,22.81,12.79,39.76,0.0,1014.59,1.41
2025-11-26,22.29,14.16,46.18,0.0,1010.37,3.33
2025-11-27,22.49,14.01,43.93,0.0,1018.68,0.99
2025-11-28,22.19,14.52,56.72,0.0,1015.38,5.55
2025-11-29,20.83,12.43,38.67,0.0,1018.33,3.47
2025-11-30,19.39,12.19,53.57,0.0,1014.4,3.14
2025-12-01,22.19,13.0,42.49,0.0,1009.95,1.16
2025-12-02,22.31,11.69,44.03,0.0,1007.68,3.36
2025-12-03,20.72,13.76,50.01,0.0,1010.17,4.31
2025-12-04,20.96,13.13,53.73,0.0,1016.51,2.55
2025-12-05,19.53,14.87,50.85,0.0,1014.97,2.01
2025-12-06,21.53,13.25,39.26,1.71,1018.01,2.66
2025-12-07,19.9,12.48,46.13,3.88,1017.86,3.72
2025-12-08,21.38,12.87,46.99,1.65,1008.45,1.16
2025-12-09,19.44,11.64,57.54,0.0,1014.36,4.43
2025-12-10,21.41,12.15,36.49,0.0,1015.56,5.02
2025-12-11,21.83,13.8,34.0,0.0,1012.49,3.85
2025-12-12,21.02,12.94,41.21,0.0,1012.98,2.86
2025-12-13,21.46,11.88,42.2,2.56,1012.62,4.23
2025-12-14,22.99,13.29,51.53,2.7,1011.63,5.39
2025-12-15,22.66,11.7,45.89,0.0,1007.7,0.77
2025-12-16,22.35,13.75,46.81,0.0,1016.24,2.48
2025-12-17,22.53,11.78,43.11,0.0,1012.38,4.57
2025-12-18,19.83,13.29,47.71,4.18,1019.57,5.53
2025-12-19,20.85,12.87,46.75,0.0,1017.38,1.38
2025-12-20,21.05,13.81,48.0,0.57,1012.48,1.79
2025-12-21,18.28,12.77,47.77,0.0,1011.18,3.2
2025-12-22,22.53,12.14,50.76,1.66,1006.46,4.11
2025-12-23,20.75,14.55,43.72,0.0,1014.25,2.02
2025-12-24,21.1,13.38,43.47,0.0,1016.41,3.89
2025-12-25,21.21,15.36,40.3,1.21,1011.99,0.37
2025-12-26,20.78,12.83,44.27,0.82,1013.74,2.62
2025-12-27,19.46,11.43,53.94,0.0,1013.23,5.53
2025-12-28,20.38,13.67,39.07,0.0,1012.15,5.15
2025-12-29,21.2,12.57,49.02,0.0,1010.35,2.74
2025-12-30,18.43,11.6,43.91,0.0,1014.15,2.72
2025-12-31,25.17,12.01,35.81,0.0,1010.32,3.77
2026-01-01,22.7,13.91,43.27,4.87,1010.44,2.13
2026-01-02,22.28,13.33,35.03,0.0,1016.12,2.63
2026-01-03,21.38,13.27,50.49,0.0,1026.38,1.03
2026-01-04,22.83,12.6,39.0,2.25,1014.14,2.41
2026-01-05,23.44,13.65,51.55,2.31,1013.47,3.45
2026-01-06,21.58,10.52,48.35,1.08,1009.98,1.6
2026-01-07,22.68,14.59,52.88,0.0,1010.15,2.85
2026-01-08,22.44,12.45,34.91,0.0,1016.13,3.1
2026-01-09,21.91,15.91,36.12,2.11,1017.28,2.4
2026-01-10,21.77,15.05,41.32,0.0,1010.97,5.28
2026-01-11,20.85,15.23,47.97,2.74,1008.56,2.98
2026-01-12,19.88,13.23,49.44,3.93,1014.36,0.1
2026-01-13,20.56,13.95,38.51,0.83,1004.42,0.74
2026-01-14,21.97,15.71,48.19,6.52,1008.77,3.03
2026-01-15,23.44,14.72,48.55,1.76,1009.29,3.51
2026-01-16,19.76,13.7,50.76,0.34,1017.63,3.43
2026-01-17,20.46,14.55,52.18,6.97,1010.45,2.11
2026-01-18,22.01,16.53,35.74,3.38,1013.32,3.05
2026-01-19,19.39,16.37,37.27,0.66,1012.61,4.03
2026-01-20,24.1,14.53,41.88,0.0,1009.38,0.92
2026-01-21,21.84,14.26,44.1,0.0,1009.33,1.91
2026-01-22,22.71,14.54,48.78,0.0,1011.22,2.55
2026-01-23,22.15,14.06,46.22,0.03,1013.05,1.13
2026-01-24,22.44,14.19,43.5,0.0,1013.69,3.21
2026-01-25,22.93,14.48,43.46,0.0,1014.64,5.83
2026-01-26,22.01,16.8,44.66,0.0,1015.88,2.8
2026-01-27,22.87,14.97,43.11,1.07,1011.83,4.88
2026-01-28,20.41,12.92,47.61,0.43,1005.86,4.55
2026-01-29,22.91,15.18,48.62,0.0,1002.96,2.59
2026-01-30,23.28,15.32,51.72,0.0,1015.63,2.99
2026-01-31,22.16,16.52,50.14,0.0,1011.55,4.78
2026-02-01,21.83,15.38,46.92,0.86,1014.7,4.99
2026-02-02,22.58,15.34,44.25,0.0,1018.58,6.11
2026-02-03,20.86,14.48,41.04,0.0,1007.66,2.53
2026-02-04,24.32,15.08,43.44,0.0,1006.21,2.33
2026-02-05,25.63,13.75,43.43,0.0,1008.75,0.0
2026-02-06,22.3,16.04,47.0,0.0,1018.51,1.94
2026-02-07,25.97,14.05,46.02,0.0,1016.24,4.28
2026-02-08,24.06,18.82,48.56,2.27,1014.94,3.95
2026-02-09,23.36,14.8,45.28,15.11,1011.13,2.46
2026-02-10,23.99,15.11,47.65,0.16,1014.34,0.0
2026-02-11,23.53,15.37,42.54,0.0,1015.46,2.59
2026-02-12,26.52,15.09,48.86,0.0,1012.24,3.85
2026-02-13,26.31,15.02,41.59,0.0,1008.88,2.58
2026-02-14,22.61,16.18,51.42,2.56,1011.71,1.8
2026-02-15,22.19,16.15,44.23,0.0,1013.93,3.66
2026-02-16,27.4,17.98,41.74,0.0,1011.81,2.71
2026-02-17,27.13,16.42,50.31,0.0,1003.7,2.03
2026-02-18,25.82,17.71,46.47,1.59,1005.21,3.23
2026-02-19,24.91,19.03,39.62,0.0,1012.67,3.53
2026-02-20,28.15,18.05,42.57,0.0,1014.86,3.9
2026-02-21,26.49,16.35,42.22,1.81,1017.1,5.03
2026-02-22,26.65,20.14,49.54,1.65,1006.68,3.49
2026-02-23,25.93,21.11,49.16,0.0,1009.31,1.14
2026-02-24,25.0,19.59,43.35,0.0,1018.68,4.96
2026-02-25,24.72,17.0,40.57,0.0,1011.77,2.33
2026-02-26,25.09,19.03,40.47,0.14,1007.27,5.05
2026-02-27,26.32,17.89,50.19,0.0,1008.1,3.16
2026-02-28,26.37,17.52,48.7,0.0,1019.49,1.64
2026-03-01,25.88,18.38,43.5,1.44,1009.89,2.46
2026-03-02,26.79,18.09,40.81,2.24,1016.6,2.56
2026-03-03,25.95,21.55,44.73,0.0,1009.57,1.83
2026-03-04,26.25,17.78,44.24,0.0,1012.87,4.03
2026-03-05,27.7,21.15,44.54,1.17,1012.85,2.59
2026-03-06,26.37,17.67,42.14,0.0,1014.85,5.34
2026-03-07,26.81,18.74,44.4,0.0,1018.45,1.48
2026-03-08,30.4,21.16,42.49,0.0,1015.88,3.18
2026-03-09,26.92,18.42,45.02,0.0,1010.47,3.61
2026-03-10,25.75,18.24,51.95,1.85,1012.05,3.07
2026-03-11,28.91,20.51,52.02,0.0,1007.41,3.01
2026-03-12,28.1,22.02,43.78,0.0,1016.3,1.38
2026-03-13,27.53,21.17,46.88,3.19,1016.64,1.23
2026-03-14,25.23,20.13,35.18,0.0,1008.76,2.28
2026-03-15,27.44,19.94,43.26,0.0,1013.68,3.53
2026-03-16,27.13,21.54,43.68,0.0,1019.45,1.93
2026-03-17,27.51,20.41,44.39,0.0,1017.58,4.03
2026-03-18,30.51,23.76,40.87,0.22,1015.1,5.11
2026-03-19,30.48,19.56,41.76,0.0,1013.86,2.69
2026-03-20,33.13,21.31,46.05,0.0,1019.72,3.75
2026-03-21,29.64,21.53,42.55,0.0,1014.51,5.4
2026-03-22,30.27,22.39,47.8,0.0,1016.37,1.31
2026-03-23,28.75,21.44,44.69,0.0,1011.92,2.28
2026-03-24,29.72,21.55,35.57,7.81,1012.55,3.14
2026-03-25,28.41,20.75,45.27,0.0,1016.05,0.19
2026-03-26,30.56,22.9,49.69,0.0,1016.84,0.0
2026-03-27,27.74,21.33,48.53,0.0,1012.09,1.92
2026-03-28,29.65,23.39,39.69,8.89,1017.44,4.96
2026-03-29,29.47,22.87,42.91,0.0,1014.39,4.85
2026-03-30,32.63,20.46,43.55,0.14,1011.45,4.39
2026-03-31,30.58,22.9,49.9,0.0,1010.24,2.56
2026-04-01,30.69,24.02,49.0,3.59,1012.97,4.95
2026-04-02,31.15,22.55,47.62,2.09,1012.58,1.78
2026-04-03,31.88,21.4,48.69,0.0,1010.65,2.87
2026-04-04,31.45,22.69,36.52,1.22,1007.84,2.71
2026-04-05,30.77,24.01,45.66,0.0,1007.24,2.55
2026-04-06,31.65,24.59,37.28,0.0,1008.42,2.96
2026-04-07,32.25,23.72,42.77,0.0,1012.74,2.43
2026-04-08,29.86,21.07,47.29,0.0,1014.92,3.58
2026-04-09,29.61,25.49,44.96,0.0,1003.66,0.67
2026-04-10,31.19,27.7,44.8,0.0,1008.73,5.27
2026-04-11,30.71,22.95,44.3,1.34,1009.73,1.63
2026-04-12,32.2,23.77,48.33,0.0,1014.34,2.47
2026-04-13,33.04,22.9,47.12,0.0,1006.13,3.86
2026-04-14,36.1,24.03,48.77,2.25,1016.51,2.84
2026-04-15,31.27,23.51,52.37,0.0,1006.14,2.13
2026-04-16,35.12,22.85,40.73,0.0,1016.65,2.07
2026-04-17,33.22,23.57,46.77,1.62,1017.13,2.23
2026-04-18,32.43,26.28,39.77,0.87,1014.53,5.81
2026-04-19,33.69,24.27,45.31,0.0,1008.44,3.46
2026-04-20,33.81,22.47,38.06,0.0,1014.18,4.38
2026-04-21,30.88,24.07,45.39,2.71,1011.29,5.22
2026-04-22,33.33,26.9,50.13,1.53,1007.63,1.54
2026-04-23,30.41,23.71,35.81,0.0,1014.37,1.2
2026-04-24,34.31,25.36,44.81,0.0,1009.53,3.43
2026-04-25,30.84,25.96,41.69,0.0,1011.44,0.11
2026-04-26,30.35,25.89,35.22,0.0,1013.88,3.93
2026-04-27,30.98,24.93,42.32,0.0,1012.42,3.2
2026-04-28,36.88,24.77,34.46,0.0,1015.67,3.16
2026-04-29,32.8,24.78,45.99,0.0,1005.41,2.56
2026-04-30,32.94,26.57,46.59,0.0,1018.17,1.37
2026-05-01,36.03,26.98,49.34,0.0,1011.1,4.76
2026-05-02,34.51,26.31,48.45,1.28,1013.19,3.56
2026-05-03,37.6,26.72,48.57,0.0,1016.61,4.21
2026-05-04,35.74,26.13,45.55,0.0,1017.9,2.08
2026-05-05,33.4,25.88,42.21,3.29,1018.47,2.69
2026-05-06,37.27,25.51,43.01,0.0,1012.37,1.41
2026-05-07,35.67,26.82,36.39,0.0,1010.06,3.83
2026-05-08,31.57,25.66,50.1,1.76,1013.99,3.02
2026-05-09,36.65,27.35,44.03,0.0,1011.22,3.72
2026-05-10,34.83,27.24,42.31,0.0,1014.89,2.33
2026-05-11,35.09,24.32,49.43,0.0,1009.45,2.93
2026-05-12,36.26,27.63,44.21,0.0,1022.23,2.91
2026-05-13,33.42,26.0,36.88,0.0,1004.45,0.21
2026-05-14,36.12,26.94,46.93,0.0,1019.08,2.81
2026-05-15,37.33,27.04,39.52,0.0,1012.58,1.56
2026-05-16,34.61,27.06,52.15,0.0,1012.63,4.15
2026-05-17,33.59,25.88,44.31,1.45,1009.02,1.97
2026-05-18,36.75,26.03,35.99,1.1,1016.14,4.9
2026-05-19,33.72,28.83,47.63,0.0,1016.65,2.68
2026-05-20,36.44,27.12,45.82,0.0,1007.98,4.5
2026-05-21,37.25,28.74,49.86,0.0,1008.8,2.35
2026-05-22,36.51,26.6,30.73,0.0,1014.1,3.18
2026-05-23,35.74,27.85,39.26,0.0,1008.88,4.26
2026-05-24,34.05,26.42,44.18,0.0,1013.44,2.92
2026-05-25,36.26,26.67,52.18,0.0,1008.14,3.89
2026-05-26,34.1,29.4,55.28,0.0,1014.23,1.75
2026-05-27,36.37,28.42,39.87,0.0,1020.15,4.61
2026-05-28,38.25,28.64,40.19,0.0,1008.4,2.04
2026-05-29,37.52,27.2,37.3,2.15,1021.34,2.87
2026-05-30,37.26,30.1,33.74,1.4,1013.27,3.45
2026-05-31,36.45,28.94,39.73,1.18,1017.34,2.02
2026-06-01,34.39,28.45,49.73,2.19,1016.71,6.71
2026-06-02,38.83,26.52,49.63,3.98,1008.59,1.86
2026-06-03,38.07,31.31,45.97,0.0,1007.25,2.62
2026-06-04,35.8,28.25,50.81,0.11,1025.01,3.68
2026-06-05,33.72,27.29,50.16,0.0,1010.55,2.02
2026-06-06,34.71,27.98,51.7,0.0,1004.97,1.79
2026-06-07,34.63,27.03,40.73,1.22,1013.05,4.04
2026-06-08,36.75,28.4,45.1,1.26,1007.56,2.88
2026-06-09,37.21,27.39,43.91,0.0,1008.06,1.92
2026-06-10,37.13,29.19,41.73,0.0,1014.6,6.37
2026-06-11,35.54,27.67,40.42,1.68,1020.72,2.74
2026-06-12,37.46,28.6,50.71,0.0,1013.97,4.03
2026-06-13,36.98,28.99,51.82,2.3,1012.16,3.18
2026-06-14,38.2,29.35,45.69,0.0,1007.49,2.14
2026-06-15,34.48,30.21,36.98,7.55,1015.53,4.19
2026-06-16,37.62,28.22,50.25,0.0,1015.87,2.59
2026-06-17,35.28,26.62,57.12,0.0,1009.18,0.66
2026-06-18,35.07,29.21,46.58,3.05,1018.91,3.49
2026-06-19,36.31,26.91,55.62,0.11,1017.61,1.93
2026-06-20,38.25,29.82,46.73,0.24,1006.73,3.91
2026-06-21,34.19,29.8,51.18,0.35,1011.16,1.92
2026-06-22,37.95,28.28,46.7,5.94,1008.99,3.78
2026-06-23,40.73,28.3,49.68,0.0,1004.46,4.56
2026-06-24,38.19,30.26,54.25,4.87,1013.19,1.29
2026-06-25,36.18,30.07,39.72,0.28,1009.09,4.47
2026-06-26,38.19,28.32,51.56,0.0,1007.63,2.98
2026-06-27,36.82,29.62,59.53,0.0,1006.48,5.88
2026-06-28,35.42,29.92,52.73,0.0,1015.17,3.93
2026-06-29,35.55,28.57,56.56,11.28,1015.35,5.64
2026-06-30,37.72,29.16,54.76,2.12,1012.5,3.55
2026-07-01,37.01,27.8,60.29,11.81,1011.1,5.28
2026-07-02,39.87,31.39,63.95,2.66,1006.52,1.63
2026-07-03,37.28,28.97,61.21,31.19,1018.15,2.76
2026-07-04,33.88,30.64,55.94,1.33,1008.43,2.96
2026-07-05,40.0,29.07,55.45,0.0,1004.16,3.3
2026-07-06,36.0,28.62,58.12,5.65,1007.29,2.13
2026-07-07,37.85,27.07,51.27,16.26,1015.41,5.13
2026-07-08,36.72,28.77,54.42,14.2,1004.54,5.5
2026-07-09,36.92,29.62,68.31,0.0,1006.16,2.63
2026-07-10,36.78,30.85,57.51,0.0,1009.02,2.45
2026-07-11,38.44,28.55,48.33,7.93,1005.99,5.11
2026-07-12,37.57,27.76,58.46,2.41,1008.83,5.65
2026-07-13,35.02,27.68,51.38,4.44,1011.85,5.91
2026-07-14,36.82,29.52,64.58,0.0,1006.09,2.77
2026-07-15,36.58,29.22,65.01,50.24,1011.92,4.05
2026-07-16,36.35,29.23,61.09,6.98,1015.7,4.76
2026-07-17,35.81,29.55,57.97,0.0,1013.8,1.61
2026-07-18,35.57,28.79,69.03,6.1,1011.75,6.07
2026-07-19,37.96,28.53,71.49,17.17,1009.43,2.7
2026-07-20,36.94,27.06,53.87,46.15,1012.28,4.25
2026-07-21,35.03,26.66,65.99,9.81,1013.16,4.25
2026-07-22,33.02,28.17,66.64,1.1,1005.8,5.96
2026-07-23,35.12,27.06,74.41,0.97,1009.56,4.18
2026-07-24,37.17,27.64,65.46,38.66,1010.94,3.03
2026-07-25,37.85,29.56,68.08,1.2,1001.49,7.3
2026-07-26,37.34,28.31,72.92,9.65,1015.21,6.55
2026-07-27,36.91,26.55,59.35,7.91,1014.68,6.93
2026-07-28,35.81,25.98,64.51,39.35,1003.14,3.95
2026-07-29,32.97,26.83,72.66,0.0,1013.39,1.4
2026-07-30,35.37,28.41,71.16,10.68,1006.52,3.25
2026-07-31,35.25,29.15,77.85,18.92,1012.38,3.74
2026-08-01,35.36,28.65,71.96,4.41,1010.68,4.42
2026-08-02,33.96,27.81,72.22,4.54,1011.62,3.98
2026-08-03,36.44,26.92,76.55,0.0,1013.54,5.72
2026-08-04,37.91,28.05,75.44,55.75,1015.47,1.25
2026-08-05,34.75,26.02,80.78,7.2,1004.44,3.53
2026-08-06,35.63,26.1,77.91,7.88,1013.72,3.14
2026-08-07,37.26,27.57,64.06,1.0,1017.51,6.08
2026-08-08,34.45,26.84,68.75,1.66,1008.37,6.39
2026-08-09,34.1,26.57,80.12,34.16,1003.22,3.68
2026-08-10,31.68,26.28,80.7,8.08,1010.47,8.03
2026-08-11,34.53,26.13,74.23,8.35,1001.93,6.33
2026-08-12,36.69,25.37,75.84,12.96,1010.96,5.63
2026-08-13,33.09,24.72,77.24,42.6,1007.86,4.08
2026-08-14,33.05,24.68,71.98,5.31,1015.96,4.43
2026-08-15,32.67,25.35,82.45,62.08,1009.85,6.85
2026-08-16,32.27,24.49,78.84,34.23,1005.48,5.28
2026-08-17,32.63,26.29,78.37,2.09,1006.32,6.99
2026-08-18,34.36,25.51,77.12,0.47,1005.59,5.13
2026-08-19,31.59,26.65,73.93,25.76,1007.74,5.03
2026-08-20,34.75,23.67,82.74,23.42,1015.02,6.49
2026-08-21,33.66,23.76,87.9,11.67,1002.1,6.32
2026-08-22,32.89,23.92,90.25,10.01,1006.42,3.41
2026-08-23,33.49,25.64,82.04,15.07,1011.5,4.5
2026-08-24,33.12,25.45,83.74,0.0,1006.2,8.05
2026-08-25,32.17,23.56,78.93,7.95,1011.37,5.72
2026-08-26,32.93,26.62,81.78,9.94,1013.02,4.76
2026-08-27,32.74,23.48,84.71,0.0,1005.86,5.74
2026-08-28,32.6,23.42,80.34,6.95,1012.81,3.74
2026-08-29,31.41,24.97,82.45,3.44,1011.45,4.13
2026-08-30,30.3,22.16,81.02,45.58,1003.76,6.6
2026-08-31,32.59,23.06,75.99,12.43,1009.16,3.73
2026-09-01,30.7,23.51,81.36,3.68,1008.87,5.08
2026-09-02,29.49,22.54,86.35,4.53,1010.02,6.62
2026-09-03,31.12,21.66,83.37,70.06,1020.82,4.84
2026-09-04,28.44,23.16,82.33,78.29,1011.25,3.81
2026-09-05,33.59,23.06,74.45,19.68,1003.64,5.59
2026-09-06,33.16,22.95,78.62,16.13,1012.42,5.41
2026-09-07,31.03,21.07,80.88,0.0,1014.72,6.71
2026-09-08,30.66,22.03,81.3,64.25,1013.8,5.5
2026-09-09,29.62,21.47,72.18,16.5,1002.83,5.4
2026-09-10,30.54,22.43,79.83,27.9,1018.81,4.27
2026-09-11,29.44,21.17,76.55,40.25,1008.38,3.49
2026-09-12,28.92,22.32,72.6,7.51,1012.31,6.22
2026-09-13,32.21,22.2,85.43,76.02,1010.89,5.42
2026-09-14,30.06,24.54,71.45,68.73,1013.11,6.5
2026-09-15,28.96,23.87,72.05,28.45,1008.82,4.14
2026-09-16,27.56,19.87,75.33,91.89,1003.43,5.21
2026-09-17,28.72,22.53,76.72,26.4,1004.32,5.44
2026-09-18,26.73,20.55,63.39,8.68,1009.35,5.75
2026-09-19,27.78,20.99,76.61,15.4,1012.09,3.66
2026-09-20,30.87,19.62,64.28,37.74,1012.17,3.86
2026-09-21,28.0,21.95,80.88,0.0,1011.2,6.54
2026-09-22,27.14,20.07,66.25,18.87,1014.47,3.27
2026-09-23,28.78,20.94,71.35,83.18,1005.0,4.19
2026-09-24,27.8,20.61,79.72,5.29,1006.58,4.69
2026-09-25,27.06,20.26,73.21,10.72,1007.89,4.72
2026-09-26,29.38,20.75,83.89,11.4,1004.04,4.83
